CustomerID,Name,Email,Phone,City
1,Sara Barrett,santostina@example.net,9590421579,Edwardbury
2,Sydney Sanders,joseph18@example.net,1725496372,North Davidstad
3,Stephanie Sullivan,jacobgriffin@example.com,7653647318,Leachmouth
4,Richard Ferguson,oholt@example.net,8178814970,Birdshire
5,Kyle Robinson,rallen@example.net,2297102102,Bowmanmouth
6,Amy Brown,elizabeth71@example.org,3979934443,Garrettbury
7,Daniel King,ismith@example.net,8323179880,Port Tracyton
8,Sarah Moore,bradleymoore@example.com,6146657933,West Cynthiaview
9,Kirsten Davis,linda16@example.com,7222143420,Lake Brenda
10,Crystal Bradley,mgreene@example.com,5749556805,South Jasonfurt
11,Stephen Smith,jacquelinepeterson@example.org,5082061820,North Erintown
12,Christopher Smith,phill@example.net,4609881824,Port Stacyport
13,Michelle Ochoa,stewartemma@example.com,6679561734,Juliechester
14,Michael Thomas,melissa41@example.net,3887976031,Lake Johnfurt
15,Karen Bishop,samantha65@example.net,6060471989,East Roberttown
16,Nicole Brown,robinlynch@example.com,9666013662,Pittmanborough
17,Melissa Mccall,ethompson@example.com,7465097826,Owenport
18,Jack Harvey,cmiller@example.net,7371176819,South Joseshire
19,Sarah Tran,christine27@example.net,2369385377,Timothyside
20,Charles Cortez,ericstewart@example.net,5693640578,West Colin
21,Sandra Bennett,anneramsey@example.org,1152232764,South Hollymouth
22,Tiffany Galloway,gary27@example.com,3170496593,Rogerside
23,John Lang,debrajohnson@example.com,4857292769,West John
24,Jennifer Stein,ronald17@example.net,8796922616,Derrickborough
25,Heather Baker,mjimenez@example.com,4556121515,Port Darren
26,Robert Hood,josefisher@example.net,8362143050,North Melindaberg
27,Jessica Black,jason50@example.com,4151338175,Samanthaborough
28,Robert Callahan,jeffery07@example.org,2337055015,New Jerome
29,Erik Day,manuel20@example.net,7855810703,Harperchester
30,Robert Rivera,aperez@example.com,2278594110,South Patrickmouth
31,Rachel Baker,amason@example.net,8328645386,Adamschester
32,Nicholas Valencia,heather59@example.org,3706459283,Port Daltonton
33,Terri Parker,smithdavid@example.org,5476410779,Scottborough
34,James Watson,hcarlson@example.net,3078211323,Port Ritamouth
35,Jason Olsen,jaime78@example.org,1456329330,Cooperstad
36,Miguel Gardner,taylorjohnston@example.net,5426531445,Paulhaven
37,Amy Smith,oscarshaw@example.net,1327029615,East Johnfort
38,Philip Hopkins,brookedavis@example.com,3571974451,Moranmouth
39,Collin Rivas,jasmine88@example.com,0616551087,West Justinville
40,Kevin Chen,oschroeder@example.net,5925836373,Andersonmouth
41,Amber Zimmerman,mclaughlinkristen@example.com,2632397442,Thomasmouth
42,Henry Hamilton,coreycarlson@example.net,4234573864,New Amanda
43,Samantha Curtis,anna20@example.net,7903911965,Villanuevabury
44,Danielle Owens,zsmith@example.com,1854507185,South Suzanneberg
45,Joan Patel,tylerherrera@example.com,9355268978,Lake Gailville
46,James Hudson,bryan25@example.org,1190309000,North Christina
47,Holly Villa,tracy21@example.org,9211182551,New Willieborough
48,Casey Simmons,jason37@example.org,3224651320,North Teresa
49,Diane Kelley,lcampbell@example.org,2796106970,Lake Jasonton
50,Janet Roberts,jonesnicholas@example.net,7311548610,South Lisaberg
51,Mrs. Stephanie Morgan,browntheresa@example.net,3741324992,Edgarchester
52,Kyle Fritz,nicolejohnson@example.net,6925031304,East Corey
53,Steve Armstrong,daniel75@example.org,6520852033,Vanessaberg
54,Jessica Avila,rileycaitlin@example.net,3781500205,New Justin
55,Jane Hurley,rmonroe@example.org,8137320447,Andrewton
56,Melissa Mclaughlin,whale@example.org,7484930049,Brittanyton
57,Katie Smith,ftorres@example.com,0269539057,North Justin
58,Richard Mitchell,nicholasmcpherson@example.com,7909185699,Lake Virginia
59,Jennifer Nichols,jakehall@example.net,2371720758,East Tylerview
60,Patricia Liu,fgarcia@example.org,7299302073,Valeriemouth
61,April York,odavis@example.org,7828791668,Jacobview
62,Shannon Gonzalez,bmorgan@example.net,8347284775,Fieldschester
63,Dawn Fowler,danielheather@example.com,2320425299,West Jerome
64,Dawn Thompson,mchang@example.com,9345887559,Hughesfurt
65,Laura Miller,michael64@example.com,5667879206,West Amandaville
66,Robin Carrillo,kjones@example.com,7480624963,Campbellton
67,Cameron Everett,dannygarcia@example.org,0396056369,North Beth
68,Dawn Miller,derrick50@example.com,8998610505,Lake Barbara
69,Mr. Edward Zimmerman,brownkatie@example.com,9603538306,New Deborah
70,Brittany Franklin,pavery@example.net,4701355755,Sheltonfort
71,Beth Turner,vwilliams@example.net,0403087998,Tammymouth
72,Keith Hurst,yschwartz@example.net,6761772945,Port John
73,Dr. Brian Mcintosh,robertomills@example.com,9527153564,Lake Benjamin
74,Joseph Pugh,castillobrian@example.net,5210101262,Lake Jessica
75,Jamie Ferguson,jneal@example.org,2712759665,Port Williammouth
76,Jonathan Blake,lisa79@example.org,0972141417,Ramosstad
77,Kristi Chavez,heather33@example.org,0289220080,North Samuelland
78,Lori Fitzgerald,mark64@example.org,5839828991,Fowlerburgh
79,Michelle Ortiz,keithbethany@example.org,1720356156,Brittanychester
80,Cheryl Dillon,lisa16@example.com,8628097716,West Daniel
81,Melissa Maldonado,zjuarez@example.org,2946778287,Port Cathy
82,Christopher Vang,ddavis@example.org,7555703023,Robertsville
83,Anthony Harris,ocarter@example.org,4890042560,North Maria
84,Jacob Krause,kellybradley@example.net,4525297184,Robinsontown
85,Anthony Simmons,dharris@example.com,2174660777,Chapmanmouth
86,Amanda Watkins,joshua73@example.org,9369900561,Judytown
87,Nancy Ponce,uferguson@example.org,3028373418,New Georgebury
88,Marissa Armstrong,patrickwilliams@example.com,8510328143,South Natalie
89,Andrew Murray,athompson@example.org,3265288094,South Laura
90,Michelle Baker,kristinsteele@example.org,4162750938,East Angela
91,Troy Owens,robertsphyllis@example.org,7702412598,Georgestad
92,Brian Ramirez,nwebster@example.org,9011905457,Crystalhaven
93,Andrea West,christensenmark@example.org,6290441561,East Saraton
94,Nicole Reed,pricericky@example.com,6242508288,Clarkhaven
95,John Garcia,arivera@example.org,2637837972,Haasshire
96,Briana Townsend,onewman@example.net,5972658745,East Matthew
97,Michael Anderson,lisawilliams@example.org,7384337115,Adamview
98,Lisa Weiss,ryan31@example.net,1905183173,North Brandonview
99,David Crosby,bsmith@example.com,5215655543,Myersburgh
100,Barbara Porter,martin15@example.net,2721513563,Lake Jeffreytown
